separatists;the_regional_a_ukrainian_regional_administration_building_in_slovyansk_on_monday
separatists;the_regional_a_ukrainian_regional_administration_building_in_slovyansk_on_monday
separatists;the_regional_a_ukrainian_regional_administration_building_in_slovyansk_on_monday
separatists;the_regional_a_ukrainian_regional_administration_building_in_slovyansk_on_monday
separatists;the_regional_a_ukrainian_regional_administration_building_in_slovyansk_on_monday
the_soviet_union;austria_austria_'s
the_working_people_of_italy;their_the_textile_factories
separatists;the_regional_a_ukrainian_regional_administration_building_in_slovyansk_on_monday
separatists;the_regional_a_ukrainian_regional_administration_building_in_slovyansk_on_monday
separatists;the_regional_a_ukrainian_regional_administration_building_in_slovyansk_on_monday
separatists;the_regional_a_ukrainian_regional_administration_building_in_slovyansk_on_monday
separatists;the_regional_a_ukrainian_regional_administration_building_in_slovyansk_on_monday
separatists;the_regional_a_ukrainian_regional_administration_building_in_slovyansk_on_monday
separatists;the_regional_a_ukrainian_regional_administration_building_in_slovyansk_on_monday
separatists;the_regional_a_ukrainian_regional_administration_building_in_slovyansk_on_monday
the_u.s.;the_the_country_'s
separatists;the_regional_a_ukrainian_regional_administration_building_in_slovyansk_on_monday
separatists;the_regional_a_ukrainian_regional_administration_building_in_slovyansk_on_monday
separatists;the_regional_a_ukrainian_regional_administration_building_in_slovyansk_on_monday
separatists;the_regional_a_ukrainian_regional_administration_building_in_slovyansk_on_monday
separatists;the_regional_a_ukrainian_regional_administration_building_in_slovyansk_on_monday
separatists;the_regional_a_ukrainian_regional_administration_building_in_slovyansk_on_monday
separatists;the_regional_a_ukrainian_regional_administration_building_in_slovyansk_on_monday
separatists;the_regional_a_ukrainian_regional_administration_building_in_slovyansk_on_monday
