the_ballots;early_presidential_voting
the_ballots;early_presidential_voting
the_ukrainian_army;regions_the_regions
the_ballots;early_presidential_voting
the_ballots;early_presidential_voting
the_ballots;early_presidential_voting
extremists_tactics;clashes_clashes_between_extremists_and_law_enforcers
formula;the_world
formula;the_world
the_ballots;early_presidential_voting
extremists_tactics;clashes_clashes_between_extremists_and_law_enforcers
the_ballots;early_presidential_voting
formula;the_world
the_planned_shield;times_of_war
the_ballots;early_presidential_voting
the_ballots;early_presidential_voting
the_ballots;early_presidential_voting
the_ballots;early_presidential_voting
the_ballots;early_presidential_voting
the_ballots;early_presidential_voting
air_force_dependence;american_atlas_v_rockets
the_ballots;early_presidential_voting
the_ballots;early_presidential_voting
formula;the_world
the_ballots;early_presidential_voting
the_ballots;early_presidential_voting
the_ballots;early_presidential_voting
the_ballots;early_presidential_voting
the_ballots;early_presidential_voting
personal_information;the_big_data_era
the_ballots;early_presidential_voting
