Lenin;be
be;RT
Ukraine;be
be;Ukraine
Ottawa;be
be;Washington
Washington;be
be;Washington
RT;be
be;Russia
RT;be
be;Ukraine
RT;be
be;EU
RT;be
be;GE
RT;be
be;Russia
RT;be
be;SS
Asia;be
be;Philippines
Lenin;be
be;RT
Ukraine;be
be;Ukraine
Europe;be
be;Vienna
Odessa;be
be;RT
Kernes;be
be;Kernes
Lenin;be
be;RT
Ukraine;be
be;Ukraine
Lenin;be
be;RT
Ukraine;be
be;Ukraine
Lenin;be
be;RT
Ukraine;be
be;Ukraine
America;be
be;NATO
Chemezov;be
be;RIA
China;be
be;GE
China;be
be;UN
Russia;be
be;Odessa
SS;be
be;Odessa
UN;be
be;Odessa
Crimea;be
be;Ukraine
PACE;be
be;Ukraine
Miller;be
be;UN
Bulgaria;be
be;Germany
Bulgaria;be
be;GE
Putin;be
be;Ukraine
Kiev;be
be;Ukraine
Putin;be
be;Ukraine
Putin;be
be;UN
Pushilin;be
be;Donetsk
Lyagin;be
be;Lyagin
Lenin;be
be;RT
Ukraine;be
be;Ukraine
Rice;be
be;Rice
Gubarev;be
be;Donetsk
Gubarev;be
be;Donetsk
Lenin;be
be;RT
Ukraine;be
be;Ukraine
Australia;be
be;RT
Russia;be
be;Russia
SS;be
be;Russia
Novak;be
be;Ukraine
Russia;be
be;Ukraine
Novak;be
be;Ukraine
SS;be
be;Ukraine
Lenin;be
be;RT
Ukraine;be
be;Ukraine
RT;be
be;Russia
RT;be
be;Ukraine
RT;be
be;Russia
RT;be
be;SS
Lenin;be
be;RT
Ukraine;be
be;Ukraine
GE;be
be;Sechin
Lenin;be
be;RT
Ukraine;be
be;Ukraine
NATO;be
be;Atlantic
NATO;be
be;Atlantic
NATO;be
be;RT
Lenin;be
be;RT
Ukraine;be
be;Ukraine
America;be
be;Obama
Lenin;be
be;RT
Ukraine;be
be;Ukraine
EU;be
be;EU
SS;be
be;EU
EU;be
be;UN
RT;be
be;Russia
EU;be
be;Russia
EU;be
be;AP
EU;be
be;Russia
EU;be
be;GE
EU;be
be;RT
EU;be
be;SS
Cohen;be
be;Cohen
EU;be
be;Cohen
Biden;be
be;UN
Rice;be
be;Rice
Lenin;be
be;RT
Ukraine;be
be;Ukraine
Geneva;be
be;Geneva
GE;be
be;Geneva
Lenin;be
be;RT
Ukraine;be
be;Ukraine
Kernes;be
be;Kernes
Lenin;be
be;RT
Ukraine;be
be;Ukraine
CIA;be
be;Johnson
PLA;be
be;Johnson
SS;be
be;Johnson
Lenin;be
be;RT
Ukraine;be
be;Ukraine
RT;be
be;Russia
RT;be
be;Ukraine
RT;be
be;Russia
RT;be
be;SS
Lenin;be
be;RT
Ukraine;be
be;Ukraine
Lenin;be
be;RT
Ukraine;be
be;Ukraine
Alliance;be
be;RT
Lenin;be
be;RT
Ukraine;be
be;Ukraine
EU;be
be;UN
Lenin;be
be;RT
Ukraine;be
be;Ukraine
Lenin;be
be;RT
Ukraine;be
be;Ukraine
