man;a_street
april_#_a_a_masked_man_masked_man;top_of_a_barricade
russian_sailors;the_deck_of_the_corvette_ship_suzdalets
ukrainian_soldier;top_of_an_armored_vehicle
man;a_street
april_#_a_a_masked_man_masked_man;top_of_a_barricade
russian_sailors;the_deck_of_the_corvette_ship_suzdalets
ukrainian_soldier;top_of_an_armored_vehicle
man;a_street
april_#_a_a_masked_man_masked_man;top_of_a_barricade
russian_sailors;the_deck_of_the_corvette_ship_suzdalets
ukrainian_soldier;top_of_an_armored_vehicle
man;a_street
april_#_a_a_masked_man_masked_man;top_of_a_barricade
russian_sailors;the_deck_of_the_corvette_ship_suzdalets
ukrainian_soldier;top_of_an_armored_vehicle
man;a_street
april_#_a_a_masked_man_masked_man;top_of_a_barricade
russian_sailors;the_deck_of_the_corvette_ship_suzdalets
ukrainian_soldier;top_of_an_armored_vehicle
ukraine;the_edge_of_civil_war
man;a_street
april_#_a_a_masked_man_masked_man;top_of_a_barricade
russian_sailors;the_deck_of_the_corvette_ship_suzdalets
ukrainian_soldier;top_of_an_armored_vehicle
man;a_street
april_#_a_a_masked_man_masked_man;top_of_a_barricade
russian_sailors;the_deck_of_the_corvette_ship_suzdalets
ukrainian_soldier;top_of_an_armored_vehicle
man;a_street
april_#_a_a_masked_man_masked_man;top_of_a_barricade
russian_sailors;the_deck_of_the_corvette_ship_suzdalets
ukrainian_soldier;top_of_an_armored_vehicle
man;a_street
april_#_a_a_masked_man_masked_man;top_of_a_barricade
russian_sailors;the_deck_of_the_corvette_ship_suzdalets
ukrainian_soldier;top_of_an_armored_vehicle
man;a_street
april_#_a_a_masked_man_masked_man;top_of_a_barricade
russian_sailors;the_deck_of_the_corvette_ship_suzdalets
ukrainian_soldier;top_of_an_armored_vehicle
man;a_street
april_#_a_a_masked_man_masked_man;top_of_a_barricade
russian_sailors;the_deck_of_the_corvette_ship_suzdalets
ukrainian_soldier;top_of_an_armored_vehicle
man;a_street
april_#_a_a_masked_man_masked_man;top_of_a_barricade
russian_sailors;the_deck_of_the_corvette_ship_suzdalets
ukrainian_soldier;top_of_an_armored_vehicle
man;a_street
april_#_a_a_masked_man_masked_man;top_of_a_barricade
russian_sailors;the_deck_of_the_corvette_ship_suzdalets
ukrainian_soldier;top_of_an_armored_vehicle
man;a_street
april_#_a_a_masked_man_masked_man;top_of_a_barricade
russian_sailors;the_deck_of_the_corvette_ship_suzdalets
ukrainian_soldier;top_of_an_armored_vehicle
man;a_street
april_#_a_a_masked_man_masked_man;top_of_a_barricade
russian_sailors;the_deck_of_the_corvette_ship_suzdalets
ukrainian_soldier;top_of_an_armored_vehicle
man;a_street
april_#_a_a_masked_man_masked_man;top_of_a_barricade
russian_sailors;the_deck_of_the_corvette_ship_suzdalets
ukrainian_soldier;top_of_an_armored_vehicle
man;a_street
april_#_a_a_masked_man_masked_man;top_of_a_barricade
russian_sailors;the_deck_of_the_corvette_ship_suzdalets
ukrainian_soldier;top_of_an_armored_vehicle
man;a_street
april_#_a_a_masked_man_masked_man;top_of_a_barricade
russian_sailors;the_deck_of_the_corvette_ship_suzdalets
ukrainian_soldier;top_of_an_armored_vehicle
man;a_street
april_#_a_a_masked_man_masked_man;top_of_a_barricade
russian_sailors;the_deck_of_the_corvette_ship_suzdalets
ukrainian_soldier;top_of_an_armored_vehicle
man;a_street
april_#_a_a_masked_man_masked_man;top_of_a_barricade
russian_sailors;the_deck_of_the_corvette_ship_suzdalets
ukrainian_soldier;top_of_an_armored_vehicle
man;a_street
april_#_a_a_masked_man_masked_man;top_of_a_barricade
russian_sailors;the_deck_of_the_corvette_ship_suzdalets
ukrainian_soldier;top_of_an_armored_vehicle
