Nigeria;America;accede_to
Putin;White House;accuse
Russia;Moscow;accuse
Foreign Ministry;NATO;accuse
United States;Moscow;accuse
Kerry;SS;accuse
Kerry;Russia;accuse
Yatsenyuk;SS;accuse
Yatsenyuk;Russia;accuse
Yanukovich;Brennan;accuse
Yanukovich;Brennan;accuse
Philippines;Beijing;accuse
Turchinov;SS;accuse
Turchinov;Russia;accuse
Martin;SS;accuse
Martin;Russia;accuse
Washington;Moscow;accuse
Washington;SS;accuse
Washington;Russia;accuse
Moscow;UN;accuse
Moscow;United States;accuse
NATO;SS;accuse
NATO;Russia;accuse
Turchinov;SS;accuse
Turchinov;Russia;accuse
Yanukovich;Brennan;accuse
Yanukovich;Brennan;accuse
Geneva;AP;adopt_after
Moscow;AP;adopt_after
EU;Ukraine;adopt_document_on
EU;Ukraine;adopt_document_on
EU;EU;adopt_document_on
EU;NATO;adopt_document_on
EU;SS;adopt_document_on
EU;Finland;adopt_document_on
EU;Russia;adopt_document_on
EU;Ukraine;adopt_document_on
Fattah;Fattah;affect
Morsi;Fattah;affect
Russia;PLA;affect
Ukraine;Putin;aim_at
Ukraine;SS;aim_at
Ukraine;Russia;aim_at
Ukraine;Russia;aim_at
Peskov;Putin;alter
Peskov;Putin;alter
Peskov;SS;alter
Moscow;Black Sea;annex
Moscow;Crimea;annex
Moscow;Crimea;annex
Moscow;Ukraine;annex
Shoigu;Moscow;announce
Department of State;UN;announce_on
Harper;SS;announce_sanction_against
Harper;Russia;announce_sanction_against
Japan;SS;announce_sanction_against
Japan;Israel;announce_sanction_against
Japan;Russia;announce_sanction_against
Japan;Russia;announce_sanction_against
White House;SS;announce_sanction_against
White House;UN;announce_sanction_against
White House;Russia;announce_sanction_against
OSCE;OSCE;appoint
Kiev;Crimea;approach
Putin;Burkhalter;approve
Putin;OSCE;approve
Putin;AP;approve
Putin;OSCE;approve
Russia;CIA;approve
United States;RT;approve_licens_for
United States;RT;approve_licens_for
Putin;Sevastopol;arrive_in
Putin;Sevastopol;arrive_in
Obama;Philippines;arrive_in
Philippines;Philippines;arrive_in
Pacific Fleet;China;arrive_in
NASA;Russia;ask
NASA;SS;ask
NASA;UN;ask
NASA;Russia;ask
Poland;NATO;ask_for
Poland;NATO;ask_for
United States;Australia;assist
Germany;UN;attack
Germany;Soviet Union;attack
Indonesia;UN;attack_by
Indonesia;United States;attack_by
Russia;Yanukovich;back
Russia;Yanukovich;back
Ukraine;Yanukovich;back
Lenin;RT;be
Ukraine;Ukraine;be
Ottawa;Washington;be
Washington;Washington;be
RT;EU;be
RT;GE;be
RT;Russia;be
RT;SS;be
RT;Russia;be
RT;Ukraine;be
Asia;Philippines;be
Lenin;RT;be
Ukraine;Ukraine;be
Committee of Ministers;Vienna;be
Odessa;RT;be
Kernes;Kernes;be
United Kingdom;RT;be
Lenin;RT;be
Ukraine;Ukraine;be
Lenin;RT;be
Ukraine;Ukraine;be
Lenin;RT;be
Ukraine;Ukraine;be
Chemezov;RIA;be
China;GE;be
China;UN;be
China;United States;be
Miller;United States;be
Miller;UN;be
Camp Lemonnier;Abdullah;be
Bulgaria;GE;be
Bulgaria;Germany;be
Putin;Ukraine;be
Putin;UN;be
Kiev;Ukraine;be
Putin;Ukraine;be
Pushilin;Donetsk;be
Lyagin;Lyagin;be
Lenin;RT;be
Ukraine;Ukraine;be
Rice;Rice;be
Gubarev;Donetsk;be
Gubarev;Donetsk;be
Lenin;RT;be
Ukraine;Ukraine;be
Australia;RT;be
Russia;Russia;be
Novak;Ukraine;be
Novak;Ukraine;be
South Ossetia;RT;be
Lenin;RT;be
Ukraine;Ukraine;be
RT;Russia;be
RT;SS;be
RT;Russia;be
RT;Ukraine;be
Lenin;RT;be
Ukraine;Ukraine;be
Lenin;RT;be
Ukraine;Ukraine;be
Armed Forces;NATO;be
Armed Forces;RT;be
Armed Forces;Atlantic;be
NATO;Atlantic;be
NATO;RT;be
NATO;Atlantic;be
Lenin;RT;be
Ukraine;Ukraine;be
Lenin;RT;be
Ukraine;Ukraine;be
EU;EU Council;be
EU;UN;be
EU;AP;be
EU;EU;be
EU;GE;be
EU;RT;be
EU;SS;be
EU;Russia;be
Cohen;Cohen;be
Biden;UN;be
Rice;Rice;be
Lenin;RT;be
Ukraine;Ukraine;be
Geneva;Geneva;be
Lenin;RT;be
Ukraine;Ukraine;be
Kernes;Kernes;be
Lenin;RT;be
Ukraine;Ukraine;be
Lenin;RT;be
Ukraine;Ukraine;be
RT;Russia;be
RT;SS;be
RT;Russia;be
RT;Ukraine;be
Lenin;RT;be
Ukraine;Ukraine;be
Lenin;RT;be
Ukraine;Ukraine;be
Alliance;RT;be
Lenin;RT;be
Ukraine;Ukraine;be
EU;United States;be
EU;UN;be
Lenin;RT;be
Ukraine;Ukraine;be
Lenin;RT;be
Ukraine;Ukraine;be
Putin;CIA;be_against
Sevastopol;Ukraine;be_block_for
Sevastopol;Ukraine;be_block_for
Sevastopol;Ukraine;be_block_for
Sevastopol;Ukraine;be_block_for
Donetsk;Ukraine;be_blow_for
Donetsk;Ukraine;be_blow_for
Germany;SS;be_by
Germany;Russia;be_by
Germany;Russia;be_by
Ukrainian Army;UN;be_downed_by
Merkel;East Germany;be_from
Merkel;GE;be_from
Merkel;Germany;be_from
Biden;Ukraine;be_head_of
Biden;Ukraine;be_head_of
Ukraine;Ukraine;be_important_for
Martin;SS;be_important_for
Russia;PLA;be_in
Kerry;London;be_in
Miller;RIA;be_in
Donetsk;Horlivka;be_in
Donetsk;Horlivka;be_in
Ukraine;SS;be_in
Ukraine;Kiev;be_in
Ukraine;Russia;be_in
Ukraine;Kiev;be_in
Rompuy;Kiev;be_in
Donetsk;Horlivka;be_in
Donetsk;Horlivka;be_in
Merkel;Washington;be_in
Mariupol;Donetsk;be_key_to
Mariupol;Donetsk;be_key_to
Putin;GE;be_key_to
Juncker;Germany;be_of
Juncker;King;be_of
Juncker;GE;be_of
Juncker;Germany;be_of
IMF;GE;be_on
IMF;SS;be_on
Manila;CIA;be_on
Korea;GE;be_on
Korea;RT;be_on
IMF;GE;be_on
IMF;SS;be_on
Gubarev;GE;be_on
Gubarev;UN;be_on
Nigeria;PLA;be_one_of
Nigeria;RT;be_one_of
Donetsk;SS;be_part_of
Donetsk;Russia;be_part_of
Donetsk;SS;be_part_of
Donetsk;Russia;be_part_of
Donetsk;SS;be_part_of
Donetsk;Russia;be_part_of
Russia;AP;be_ready_for
Prodan;Ukraine;be_ready_to_pay
Prodan;Ukraine;be_ready_to_pay
Prodan;Ukraine;be_ready_to_pay
Donetsk;Kiev;be_signal_to
Donetsk;Kiev;be_signal_to
Donetsk;Ukraine;be_signal_to
Korea;UN;be_subject_to
Korea;Security Council;be_subject_to
CIA;Kiev;be_to
CIA;Kiev;be_to
CIA;Kiev;be_to
CIA;Kiev;be_to
Lavrov;EU;be_to_meet_with
Lavrov;Europe;be_to_meet_with
Lavrov;EU;be_to_meet_with
Lavrov;Europe;be_to_meet_with
Poland;SS;be_under
Poland;SS;be_under
Sevastopol;GE;be_under
China;SS;become
China;Russia;become
China;Russia;become
Federal Assembly;Aris;become
Federal Assembly;Russia;become
Black Sea Fleet;SS;become_part_of
Black Sea Fleet;Russia;become_part_of
Black Sea Fleet;SS;become_part_of
Black Sea Fleet;Russia;become_part_of
Ukrainian Army;CIA;begin
Kiev;RT;begin_on
Interior Ministry;SS;blame
Interior Ministry;Russia;blame
Washington;Moscow;blame
Schroeder;EU;blame
Schroeder;EU;blame
Schroeder;Europe;blame
Obama;Russia;blame
Obama;SS;blame
Obama;Russia;blame
China;Vietnam;break_out_in
China;Vietnam;break_out_in
Ukraine;UN;bring_by
Ukraine;Kiev;bring_by
United States;Asia;build_in
Korea;PLA;buy
Korea;SS;buy
Moscow;Crimea;call
Treasury;CIA;call
Foreign Ministry;Tokyo;call
Foreign Ministry;Odessa;call
Putin;Kiev;call
Putin;Kiev;call
Mironov;Ukraine;call_election_in
Hagel;NATO;call_for
Hagel;NATO;call_for
Kernes;Kharkiv;call_for
Kernes;Kharkiv;call_for
Hagel;NATO;call_for
Hagel;NATO;call_for
Kernes;Kharkiv;call_for
Kernes;Kharkiv;call_for
Moscow;GE;call_for
Moscow;Geneva;call_for
Moscow;Geneva;call_for
Obama;United States;call_for
Obama;UN;call_for
Russia;Norway;call_for
Russian Defense Ministry;NATO;call_on
Russian Defense Ministry;RT;call_on
Russian Defense Ministry;Atlantic;call_on
Kerry;NATO;call_on
Kerry;NATO;call_on
Kerry;RIA;call_on
Lavrov;United States;call_on
Lavrov;UN;call_on
Foreign Ministry;Kiev;call_on
Europe;Kiev;call_on
Europe;Kiev;call_on
Shoigu;Obama;call_on
Cameron;Russia;call_on
Renzi;Russia;call_on
Cameron;SS;call_on
Cameron;Russia;call_on
Putin;Kiev;call_on
Putin;Kiev;call_on
Obama;North Korea;call_on
Obama;RT;call_on
Obama;Korea;call_on
Antonov;NATO;call_on
Antonov;CIA;call_on
Lukashenko;Putin;call_on
Lukashenko;SS;call_on
Lukashenko;Russia;call_on
Donetsk;SS;call_referendum_on
Donetsk;SS;call_referendum_on
Alcoa Inc;PLA;cancel
Alcoa Inc;Moscow;cancel
Beijing;SS;cement
Beijing;Beijing;cement
Europe;Maidan;champion_cause_of
Federation Council;Brussels;change
Russia;Washington;change
Federation Council;Washington;change
India;GE;choose
India;SS;choose
India;UN;choose
India;Russia;choose
India;Russia;choose
Putin;UN;cite
National Security Council;King;cite
National Security Council;RT;cite
China Sea;UN;claim_by
China Sea;Brunei;claim_by
EU;Naryshkin;close
EU;Naryshkin;close
EU;GE;close
EU;UN;close
Romania;PACE;close
Romania;Romania;close
Romania;PACE;close
Romania;PACE;close
Romania;Romania;close
Romania;CIA;close
Romania;SS;close
Romania;Russia;close
Austria;Austria;close
NATO;NATO;come_as
Europe;NATO;come_as
National Guard;Donetsk;come_on
Russia;RIA;come_out_in
Russia;RT;come_out_in
Russia;Lebanon;come_out_in
China;RT;come_out_in
China;SS;come_out_in
China;Russia;come_out_in
China;Russia;come_out_in
IMF;UN;come_to
IMF;UN;come_to
IMF;GE;come_with
Washington;Washington;commit_to
Moscow;Kiev;condemn
Moscow;Kiev;condemn
Moscow;Donetsk;condemn
Moscow;Donetsk;condemn
Moscow;Kiev;condemn
Moscow;Kiev;condemn
Human Rights Council;Ukraine;condemn
United States;Poland;conduct_exercise_in
Lavrov;UN;conduct_exercise_in
United States;Poland;conduct_exercise_in
United States;Poland;conduct_exercise_in
United States;Poland;conduct_exercise_in
United States;Poland;conduct_exercise_in
United States;Poland;conduct_exercise_in
United States;Poland;conduct_exercise_in
United States;Poland;conduct_exercise_in
United States;Poland;conduct_exercise_in
United States;Poland;conduct_exercise_in
United States;Poland;conduct_exercise_in
United States;Poland;conduct_exercise_in
United States;Poland;conduct_exercise_in
United States;Poland;conduct_exercise_in
United States;Poland;conduct_exercise_in
United States;Poland;conduct_exercise_in
United States;Poland;conduct_exercise_in
United States;Poland;conduct_exercise_in
United States;Poland;conduct_exercise_in
United States;Poland;conduct_exercise_in
United States;Poland;conduct_exercise_in
CDC;India;confirm
CDC;Indiana;confirm
Russia;RT;continue
Armed Forces;EU;contradict
Armed Forces;SS;contradict
Armed Forces;UN;contradict
Armed Forces;Europe;contradict
Russia;UN;control
Ukraine;RIA;convey
Ukraine;Moscow;convey
Ukraine;Moscow;convey
Nicaragua;King;count_on
Nicaragua;RT;count_on
Nicaragua;SS;count_on
Nicaragua;Russia;count_on
Nicaragua;Russia;count_on
Obama;SS;count_on
Obama;AP;cover
Obama;Japan;cover
Yatsenyuk;Putin;criticize
Yatsenyuk;Putin;criticize
Yatsenyuk;SS;criticize
Yatsenyuk;Russia;criticize
GOP;Obama;criticize
GOP;Obama;criticize
Washington;SS;criticize
Washington;Russia;criticize
EU;Crimea;criticize
Yatsenyuk;Putin;criticize
Yatsenyuk;Putin;criticize
Yatsenyuk;SS;criticize
Yatsenyuk;Russia;criticize
GOP;Obama;criticize
GOP;Obama;criticize
IMF;IMF;cut
Rogozin;Moscow;deliver_to
Rogozin;Moscow;deliver_to
Lavrov;Kerry;denounce
Germany;AP;denounce
Putin;United States;depend_on
Putin;UN;depend_on
Putin;Soviet Union;describe
Putin;UN;describe
Sidyakin;National Guard;detain_by
Sidyakin;Ukraine;detain_by
Sidyakin;National Guard;detain_by
Sidyakin;National Guard;detain_by
Sidyakin;Ukraine;detain_by
Ottawa;Ottawa;develop
Odessa;UN;die_from
Medvedev;Europe;disagree_with
Medvedev;EU;disagree_with
Medvedev;Europe;disagree_with
Kiev;SS;disagree_with
Kiev;Russia;disagree_with
Kiev;Russia;disagree_with
Cameron;Ukraine;discuss
Cameron;Ukraine;discuss
Russia;AP;discuss_in
Kiev;AP;do
Kiev;GE;do
Kiev;RT;do
Kiev;SS;do
Kiev;UN;do
Kiev;Kiev;do
RT;United States;do
RT;UN;do
Russia;China;do
Putin;Ukraine;do_in
Chambers;Russia;dominate_by
Chambers;RT;dominate_by
Chambers;SS;dominate_by
Chambers;UN;dominate_by
Chambers;Russia;dominate_by
OSCE;Ukraine;dominate_by
Europe;Ukraine;dominate_by
OSCE;Ukraine;dominate_by
Thailand;King;downgrade_to
Thailand;RT;downgrade_to
Thailand;State Department;downgrade_to
Russia;OSCE;draw_attention_of
Russia;OSCE;draw_attention_of
Sechin;Obama;draw_fire_from
Sechin;Obama;draw_fire_from
Sechin;Obama;draw_fire_from
Sechin;Obama;draw_fire_from
OSCE;Moscow;echo
OSCE;Moscow;echo
Amnesty International;UN;echo
OSCE;Moscow;echo
OSCE;Moscow;echo
Rouhani;UN;elect
Europe;NATO;embark_on
Europe;NATO;embark_on
Paul;CIA;employ_as
Paul;CIA;employ_as
Moscow;UN;end
Timchenko;SS;engage_in
United States;RT;engage_in
Kharkiv;UN;envision
Ukraine;Ukraine;erupt_in
Ukraine;East Ukraine;erupt_in
Ukraine;Ukraine;erupt_in
Ukraine;Ukraine;erupt_in
Ukraine;Ukraine;erupt_in
Ukraine;Ukraine;erupt_in
China;China;establish_in
Kolomoysky;Forbes;estimate_by
EU;SS;expand
EU;Russia;expand
Lavrov;Kiev;express_concern_at
Lavrov;Kiev;express_concern_at
Lavrov;Kiev;express_concern_at
Lavrov;Kiev;express_concern_at
Kerry;AP;face
London;Oswald;fight
London;Oswald;fight
Putin;Putin;fight_for
Putin;SS;fight_for
Putin;Russia;fight_for
Yanukovich;SS;flee_to
Yanukovich;Russia;flee_to
Yanukovich;SS;flee_to
Yanukovich;Russia;flee_to
Kerry;South Sudan;fly_to
Kerry;Sudan;fly_to
Poland;SS;follow
Poland;Russia;follow
Japan;SS;fulfil
Japan;Russia;fulfil
Europe;Vienna;gather_in
Brussels;Warsaw;gather_in
Donbas;CIA;get_chance_to
Donbas;CIA;get_chance_to
Moscow;Ukraine;give
Moscow;Ukraine;give
Ukraine;New York;go_on
Gubarev;GE;go_on
Gubarev;UN;go_on
Brennan;Kiev;go_to
Brennan;AP;go_to
Brennan;Kiev;go_to
Brennan;Kiev;go_to
Biden;Kiev;go_to
Paul;GE;hack_into
Paul;GE;hack_into
Obama;NATO;hail
Obama;NATO;hail
Obama;Afghanistan;hail
Obama;NATO;hail
Obama;NATO;hail
Obama;Afghanistan;hail
Sevastopol;Ukraine;hand_over_to
Hitler;Crimea;happen_in
Hitler;Crimea;happen_in
Kiev;Kiev;have
NATO;NATO;have
CNN;Obama;have
CNN;CNN;have
EU;EU;have_blood_on
Ukraine;EU;have_blood_on
Putin;Putin;have_business_tie_to
Putin;SS;have_business_tie_to
Putin;UN;have_business_tie_to
Putin;Canada;have_business_tie_to
Putin;Russia;have_business_tie_to
Reuters;SS;have_impact_on
Reuters;Russia;have_impact_on
Reuters;SS;have_impact_on
Reuters;Russia;have_impact_on
DPR;Putin;have_respect_for
DPR;Putin;have_respect_for
DPR;GE;have_respect_for
DPR;RT;have_respect_for
DPR;Ukraine;have_respect_for
Putin;SS;have_telephone_conversation_with
Yanukovich;Ukraine;have_to_leave
Yanukovich;Ukraine;have_to_leave
Yanukovich;King;have_to_leave
Yanukovich;Russia;have_to_leave
Yanukovich;CIA;have_to_leave
Yanukovich;PACE;have_to_leave
Yanukovich;PLA;have_to_leave
Yanukovich;SS;have_to_leave
Yanukovich;UN;have_to_leave
Yanukovich;Kazakhstan;have_to_leave
Yanukovich;Russia;have_to_leave
Yanukovich;Ukraine;have_to_leave
Yanukovich;Ukraine;have_to_leave
Yanukovich;Ukraine;have_to_leave
Yanukovich;Ukraine;have_to_leave
Yanukovich;Ukraine;have_to_leave
Yanukovich;Ukraine;have_to_leave
Yanukovich;Ukraine;have_to_leave
Oettinger;Ukraine;help_to_solve
EU;Ukraine;help_to_solve
Oettinger;Ukraine;help_to_solve
Oettinger;Ukraine;help_to_solve
EU;Ukraine;help_to_solve
Oettinger;Ukraine;help_to_solve
Oettinger;Ukraine;help_to_solve
EU;Ukraine;help_to_solve
Oettinger;Ukraine;help_to_solve
Oettinger;Ukraine;help_to_solve
EU;Ukraine;help_to_solve
Oettinger;Ukraine;help_to_solve
EU;SS;hit
EU;Russia;hit
Moscow;GE;hold_group_of
Moscow;GE;hold_group_of
Ukraine;Donetsk;hold_in
Ukraine;Donetsk;hold_in
OSCE;Belgrade;hold_in
Russian Federation;Vienna;hold_in
SS;UN;hold_in
Geneva;AP;hold_on
Crimea;EU;hold_referendum_on
Crimea;UN;hold_referendum_on
Ukraine;EU;hold_referendum_on
Ukraine;UN;hold_referendum_on
Macedonia;Moscow;hold_talk_in
Hague;London;host
Hague;RIA;host
Hague;London;host
Hague;Syria;host
Brussels;Ukraine;ignore
Brussels;Ukraine;ignore
Ukraine;RT;import
EU;UN;impose
RT;Russia;impose_against
RT;SS;impose_against
RT;Russia;impose_against
Department of Commerce;Putin;impose_restriction_on
Ukraine;RT;impose_restriction_on
Canada;SS;impose_sanction_against
Canada;UN;impose_sanction_against
Canada;Russia;impose_sanction_against
Canada;Russia;impose_sanction_against
Canada;Ukraine;impose_sanction_against
United States;SS;impose_sanction_against
United States;Russia;impose_sanction_against
United States;CIA;impose_sanction_on
United States;SS;impose_sanction_on
United States;Russia;impose_sanction_on
White House;SS;impose_sanction_on
White House;Russia;impose_sanction_on
Canada;SS;impose_sanction_on
Canada;Russia;impose_sanction_on
United States;SS;impose_sanction_on
United States;Russia;impose_sanction_on
Japan;SS;impose_sanction_on
Japan;Russia;impose_sanction_on
Japan;Russia;impose_sanction_on
United States;Putin;include
United States;SS;include
United States;Russia;include
EU;Russia;include
Brussels;Russia;include
Moscow;Russia;include
Russia;Russia;include
Iran;GE;include
Sudan;EU;include
Sudan;China;include
Sudan;China;include
United States;Putin;include
United States;SS;include
United States;Russia;include
OSCE;Russia;include
OSCE;SS;include
OSCE;Russia;include
Europe;Australia;include
Russia;RT;insist_on
Moscow;Ukraine;interest_in
Moscow;Ukraine;interest_in
Afghanistan;UN;involve
Afghanistan;United States;involve
Vienna;Kiev;justify
Vienna;Kiev;justify
Washington;Iran;keep_pressure_on
Washington;Iran;keep_pressure_on
Kiev;Kiev;launch
Kiev;Yanukovich;lead_to
Putin;Crimea;leave_for
Europe;SS;make
Europe;Russia;make
Russia;Ukraine;make
Russia;Ukraine;make
Rompuy;EU;make_remark_during
Rompuy;UN;make_remark_during
Rompuy;Europe;make_remark_during
Rompuy;EU;make_remark_during
Rompuy;UN;make_remark_during
Rompuy;Europe;make_remark_during
Sterling;Los Angeles Clippers;make_remark_during
Sterling;GE;make_remark_during
Beijing;Japan;mark
China;Japan;mark
Japan;Japan;mark
Europe;GE;mark_by
India;SS;meet
India;Russia;meet
China Sea;Dempsey;meet
China Sea;Martin;meet
China Sea;GE;meet
China Sea;RT;meet
China;Dempsey;meet
Washington;Dempsey;meet
EU;Brussels;meet_in
EU;SS;meet_in
EU;Brussels;meet_in
China;Zeguang;meet_with
Kiev;CIA;meet_with
Rompuy;Burkhalter;meet_with
Hagel;Estonia;meet_with
Ukraine;Ukraine;move
Washington;Chemezov;move_against
Washington;GE;move_against
Moscow;SS;move_in_on
Moscow;Crimea;move_in_on
Moscow;Crimea;move_in_on
Moscow;Russia;move_in_on
Tymoshenko;RT;nominate_by
Soviet Union;RIA;occupy
Soviet Union;Austria;occupy
Kiev;Ukraine;offer
Russia;Ukraine;offer
Kiev;Ukraine;offer
Russia;China;offer
Oettinger;Germany;offer
Oettinger;AP;offer
EU;Germany;offer
Oettinger;Berlin;offer
Oettinger;Germany;offer
Putin;Washington;offer
Steinmeier;King;offer
Steinmeier;Lavrov;offer
Steinmeier;Lavrov;offer
Steinmeier;RT;offer
Steinmeier;SS;offer
Steinmeier;UN;offer
Steinmeier;Russia;offer
Moscow;EU;offer
Moscow;SS;offer
Moscow;EU;offer
Moscow;Russia;offer
Moscow;Ukraine;offer
Dempsey;RIA;oust
Dempsey;Syria;oust
Putin;Russia;oversee
Putin;SS;oversee
Putin;UN;oversee
Putin;Russia;oversee
China National Petroleum Corporation;Putin;oversee_by
Austria;SS;participate_in
Austria;Brussels;participate_in
Austria;Brussels;participate_in
Denmark;Brussels;participate_in
France;Brussels;participate_in
Germany;Brussels;participate_in
Greece;Brussels;participate_in
Italy;Brussels;participate_in
Netherlands;Brussels;participate_in
Spain;Brussels;participate_in
Gryzlov;Russian Security Council;participate_in
Gryzlov;GE;participate_in
United States;SS;pay
United States;Russia;pay
United States;SS;pay
United States;Russia;pay
United States;SS;pay
United States;Russia;pay
China;RT;pay_attention_to
Ukraine;SS;pay_for
Ukraine;Russia;pay_for
Putin;China;pay_visit_to
Senate;Kiev;pay_visit_to
SBU;RT;place_on
SBU;RT;place_on
Hague;Ukraine;play_role_in
Hague;Ukraine;play_role_in
Ukraine;Washington;point_finger_at
Tymoshenko;AP;point_to
Maidan;CIA;post_on
Obama;Kiev;praise
Obama;AP;praise
Obama;Kiev;praise
EU;Obama;press
EU;Obama;press
EU;Obama;press
EU;Obama;press
United States;France;press
Maidan;AP;prompt
Washington;Kiev;provide_aid_to
Moscow;SS;push
Moscow;Russia;push
Moscow;Russia;push
Germany;UN;push_for
Germany;United States;push_for
Levada Center;Putin;put
Levada Center;SS;put
Levada Center;Russia;put
OSCE;OSCE;put_forward
OSCE;OSCE;put_forward
Armed Forces;RT;put_on
Armed Forces;RT;put_on
RIA;Russia;quote
RIA;SS;quote
RIA;Russia;quote
AFP;GE;quote
AFP;SS;quote
AFP;France;quote
Holder;United States;quote
Holder;UN;quote
Kharkiv;GE;quote_as_say_by
Washington;Manila;raise
Washington;Manila;raise
Germany;Lenin;rally_around
Germany;RT;rally_around
Germany;UN;rally_around
Geneva;AP;reach_on
Geneva;AP;reach_on
Geneva;AP;reach_on
Geneva;AP;reach_on
Russia;AP;receive
EU;RT;redeploy
Bulgaria;EU;refer_to
Bulgaria;EU;refer_to
Russia;NYT;refrain_from
Ukraine;UN;refuse
Ukraine;Ukraine;refuse
Ukraine;GE;refuse
Ukraine;Ukraine;refuse
Ukraine;SS;refuse
Ukraine;Ukraine;refuse
Crimea;SS;refuse_to_receive
Crimea;Russia;refuse_to_receive
Korea;AP;release
Korea;RT;release
Korea;Korea;release
UN;Kiev;release_in
UN;Kiev;release_in
Crimea;SS;rely_on
Crimea;Solidarity;rely_on
Crimea;UN;rely_on
Russia;UN;remain
Maidan;Kiev;remain_in
Birnbaum;Moscow;report_from
Walsh;GE;report_from
Walsh;Andreevka;report_from
New York;Obama;report_on
Ukraine;SS;resume
Ukraine;Russia;resume
Kiev;Kiev;resume
Sevastopol;SS;return_to
Sevastopol;Russia;return_to
Sevastopol;Russia;return_to
Crimea;Russia;reunify_with
Crimea;Russia;reunify_with
Putin;China;s_visit_to
Naryshkin;Japan;s_visit_to
Naryshkin;AP;s_visit_to
Naryshkin;Japan;s_visit_to
Putin;China;s_visit_to
Putin;Beijing;s_visit_to
Rogozin;Moscow;say
State Department;Washington;say
Communist Party;Donetsk;say
Communist Party;Lugansk;say
State Department;Kerry;say
Kerry;Ethiopia;say
Kerry;RT;say
Kerry;Ethiopia;say
Sudan;Ethiopia;say
Kerry;Uganda;say
Lavrov;Russia;say
Lavrov;SS;say
Lavrov;Russia;say
Martin;UN;say
Rogozin;Moscow;say
Lavrov;Russia;say
Lavrov;SS;say
Lavrov;Russia;say
Steinmeier;Ukraine;say
Steinmeier;Ukraine;say
Foreign Ministry;EU;say
White House;Chemezov;say
White House;Putin;say
White House;UN;say
Novak;AP;say_in
Novak;AP;say_in
Fyodorov;AP;say_in
Donetsk;Horlivka;say_of
Donetsk;Horlivka;say_of
Donetsk;Horlivka;say_of
Donetsk;Horlivka;say_of
Deshchitsa;UN;say_on
Germany;UN;say_on
Foreign Ministry;UN;say_on
Breedlove;Putin;say_on
Breedlove;Putin;say_on
Breedlove;SS;say_on
Breedlove;Russia;say_on
Foreign Ministry;UN;say_on
Kupriyanov;AP;say_on
Avakov;AP;say_on
Foreign Ministry;GE;say_on
Foreign Ministry;NATO;say_on
Foreign Ministry;SS;say_on
Foreign Ministry;Russia;say_on
Amnesty International;Kiev;say_on
Russia;Britain;say_statement_issue_by
EU;Europe;see_as
EU;United States;see_rise_in
Russia;Crimea;seize
Russia;Crimea;seize
Kiev;Kiev;send
Kiev;Kiev;send
Kolomoysky;Kiev;send_from
Dnepropetrovsk;Kiev;send_from
Kolomoysky;Kiev;send_from
Kolomoysky;Kiev;send_from
Dnepropetrovsk;Kiev;send_from
Kolomoysky;Kiev;send_from
Lawrence;RT;send_in
Moscow;EU;send_letter_to
Moscow;Europe;send_letter_to
Lavrov;OSCE;send_letter_to
United States;Egypt;send_message_to
Reuters;Security Council;send_to
Reuters;UN;send_to
Ukrainian Security Service;SS;shoot_by
Central Europe;UN;show
OSCE;UN;show_interest_in
New York;UN;shut_down
New York;America;shut_down
Algeria;Algeria;shut_down
EU;Ukraine;sign
EU;SS;sign
EU;Brussels;sign
EU;Ukraine;sign
United States;EDCA;sign
Putin;Ukraine;sign
Putin;Ukraine;sign
Obama;AP;sign_in
Putin;Kharkiv;sign_law_on
Putin;CIA;sign_law_on
Putin;UN;sign_law_on
Putin;Kharkiv;sign_law_on
Putin;Kharkiv;sign_law_on
Putin;CIA;sign_law_on
Putin;UN;sign_law_on
Putin;Kharkiv;sign_law_on
Putin;CIA;sign_law_on
Putin;UN;sign_law_on
Geneva;SS;sign_with
Geneva;Russia;sign_with
Putin;Ukraine;slam
Putin;Kiev;slam
Putin;Moscow;slam
Putin;Ukraine;slam
India;China;spar_with
India;China;spar_with
Philippines;China;spar_with
Yatsenyuk;AP;speak
Yatsenyuk;AP;speak
Yatsenyuk;AP;speak
Yatsenyuk;AP;speak
Yatsenyuk;AP;speak
Yatsenyuk;AP;speak
Yatsenyuk;AP;speak
Yatsenyuk;AP;speak
Yatsenyuk;AP;speak
Yatsenyuk;AP;speak
Yatsenyuk;AP;speak
Yatsenyuk;AP;speak
Yatsenyuk;AP;speak
Yatsenyuk;AP;speak
Yatsenyuk;AP;speak
Yatsenyuk;AP;speak
Yatsenyuk;AP;speak
Yatsenyuk;AP;speak
Yatsenyuk;AP;speak
Yatsenyuk;AP;speak
Yatsenyuk;AP;speak
Medvedev;Crimea;speak_about
Medvedev;Crimea;speak_about
Medvedev;Crimea;speak_about
Medvedev;Crimea;speak_about
Medvedev;Crimea;speak_about
Medvedev;Crimea;speak_about
Medvedev;Crimea;speak_about
Medvedev;Crimea;speak_about
Medvedev;Crimea;speak_about
Medvedev;Crimea;speak_about
Medvedev;Crimea;speak_about
Medvedev;Crimea;speak_about
Medvedev;Crimea;speak_about
Medvedev;Crimea;speak_about
Medvedev;Crimea;speak_about
Medvedev;Crimea;speak_about
Medvedev;Crimea;speak_about
Medvedev;Crimea;speak_about
Medvedev;Crimea;speak_about
Medvedev;Crimea;speak_about
Medvedev;Crimea;speak_about
Medvedev;Crimea;speak_about
Medvedev;Crimea;speak_about
Medvedev;Crimea;speak_about
Medvedev;Crimea;speak_about
Medvedev;Crimea;speak_about
Medvedev;Crimea;speak_about
Medvedev;Crimea;speak_about
Medvedev;Crimea;speak_about
Medvedev;Crimea;speak_about
Medvedev;Crimea;speak_about
Medvedev;Crimea;speak_about
Medvedev;Crimea;speak_about
Medvedev;Crimea;speak_about
Medvedev;Crimea;speak_about
Medvedev;Crimea;speak_about
Medvedev;Crimea;speak_about
Medvedev;Crimea;speak_about
Medvedev;Crimea;speak_about
Medvedev;Crimea;speak_about
Medvedev;Crimea;speak_about
Medvedev;Crimea;speak_about
East Ukraine;Kiev;speak_against
Ukraine;Kiev;speak_against
Germany;EU;speak_for
Germany;SS;speak_for
Germany;Europe;speak_for
Germany;Ukraine;speak_for
Germany;Russia;speak_for
Germany;Ukraine;speak_for
Kerry;Lavrov;speak_to
Kerry;GE;speak_to
Kerry;SS;speak_to
Kerry;Russia;speak_to
Moscow;RT;speak_to
Pushilin;Lenin;stand_in
Pushilin;SS;stand_in
Pushilin;Russia;stand_in
Pushilin;Lenin;stand_in
Pushilin;SS;stand_in
Pushilin;Russia;stand_in
Pushilin;Lenin;stand_in
Pushilin;SS;stand_in
Pushilin;Russia;stand_in
Pushilin;Lenin;stand_in
Pushilin;SS;stand_in
Pushilin;Russia;stand_in
Pushilin;Lenin;stand_in
Pushilin;SS;stand_in
Pushilin;Russia;stand_in
Pushilin;Lenin;stand_in
Pushilin;SS;stand_in
Pushilin;Russia;stand_in
Pushilin;Lenin;stand_in
Pushilin;SS;stand_in
Pushilin;Russia;stand_in
Pushilin;Lenin;stand_in
Pushilin;SS;stand_in
Pushilin;Russia;stand_in
Pushilin;Lenin;stand_in
Pushilin;SS;stand_in
Pushilin;Russia;stand_in
Pushilin;Lenin;stand_in
Pushilin;SS;stand_in
Pushilin;Russia;stand_in
Pushilin;Lenin;stand_in
Pushilin;SS;stand_in
Pushilin;Russia;stand_in
Pushilin;Lenin;stand_in
Pushilin;SS;stand_in
Pushilin;Russia;stand_in
Pushilin;Lenin;stand_in
Pushilin;SS;stand_in
Pushilin;Russia;stand_in
Pushilin;Lenin;stand_in
Pushilin;SS;stand_in
Pushilin;Russia;stand_in
Pushilin;Lenin;stand_in
Pushilin;SS;stand_in
Pushilin;Russia;stand_in
Pushilin;Lenin;stand_in
Pushilin;SS;stand_in
Pushilin;Russia;stand_in
Pushilin;Lenin;stand_in
Pushilin;SS;stand_in
Pushilin;Russia;stand_in
Pushilin;Lenin;stand_in
Pushilin;SS;stand_in
Pushilin;Russia;stand_in
Pushilin;Lenin;stand_in
Pushilin;SS;stand_in
Pushilin;Russia;stand_in
Pushilin;Lenin;stand_in
Pushilin;SS;stand_in
Pushilin;Russia;stand_in
Pushilin;Lenin;stand_in
Pushilin;SS;stand_in
Pushilin;Russia;stand_in
Ukraine;GE;stand_on
Kiev;Lenin;start
Kiev;GE;start
Kiev;Leningrad;start
Solidarity;RT;start_on
Caucasus;Azerbaijan;start_with
Caucasus;Azerbaijan;start_with
Alliance;EU;stop_at
Alliance;Europe;stop_at
Alliance;Europe;stop_at
Putin;SS;stress
Putin;Russia;stress
Putin;SS;stress
Putin;Russia;stress
Reuters;Reuters;struggle_to_keep
Ukraine;Reuters;struggle_to_keep
Reuters;Reuters;struggle_to_keep
Ukraine;Reuters;struggle_to_keep
Ukraine;Putin;submit_to
Ukraine;SS;submit_to
Ukraine;Russia;submit_to
Ukraine;State Duma;submit_to
Russia;Ukraine;supply_gas_to
EU;Kiev;support
EU;Kiev;support
Moscow;Ukraine;support
Moscow;Ukraine;support
MasterCard;UN;suspend
United States;SS;suspend_cooperation_with
United States;Russia;suspend_cooperation_with
Washington;Sudan;take_on
Washington;South Sudan;take_on
Washington;Sudan;take_on
Washington;South Sudan;take_on
EU;Moscow;take_place_in
Morgulov;Tokyo;take_place_in
Morgulov;Tokyo;take_place_in
United States;AP;take_position_on
United States;Iran;take_position_on
Ukraine;GE;take_step_to_implement
Ukraine;Geneva;take_step_to_implement
Ukraine;Geneva;take_step_to_implement
Senate;UN;target_by
Rivas;RIA;tell
Rivas;RIA;tell
Peskov;Russia;tell
Peskov;AP;tell
Peskov;SS;tell
Peskov;Russia;tell
Malykhin;UN;tell_news_conference_on
State Department;Washington;tell_reporter_in
Obama;UN;tell_reporter_on
Putin;Crimea;thank
Merkel;Russia;threaten
Merkel;SS;threaten
Merkel;Russia;threaten
Washington;RT;throw
Washington;Washington;throw
Kiev;AP;throw
Kiev;Kiev;tighten
Feodosia;Crimea;transfer_to
Obama;South Korea;travel_to
China;South Korea;travel_to
Japan;South Korea;travel_to
Obama;Korea;travel_to
Washington;South Korea;travel_to
Ukraine;EU;trigger_by
Ukraine;EU;trigger_by
Obama;AP;try
Ukraine;EU;urge
Ukraine;Europe;urge
Russia;Hagel;urge
Russia;GE;urge
Russia;Hagel;urge
Human Rights Council;Ukraine;urge
Alliance;Obama;urge
Alliance;Obama;urge
Malaysia;Obama;urge
Foreign Ministry;Kiev;urge
Netanyahu;Abbas;urge
Netanyahu;Abbas;urge
Netanyahu;RT;urge
Netanyahu;London;urge
China;UN;urge
China;United States;urge
Foreign Ministry;EU;urge
Foreign Ministry;UN;urge
Foreign Ministry;Europe;urge
Europe;SS;urge
Europe;Russia;urge
Europe;Russia;urge
Lukashenko;SS;urge
Lukashenko;Russia;urge
Russia;Hagel;urge
Russia;GE;urge
Russia;Hagel;urge
Russia;UN;urge
Rouhani;Pakistan;urge
Moscow;OSCE;use
Moscow;OSCE;use
Putin;Colombia;use
Rogozin;Colombia;use
Putin;GE;use
Putin;PLA;use
Putin;RT;use
Putin;UN;use
Putin;Colombia;use
Europe;RT;use_for
United States;Ukraine;use_force_to_protect
Air Force;America;use_in
Putin;King;visit
Putin;PLA;visit
Obama;AP;visit
Obama;Japan;visit
Putin;King;visit
Putin;PLA;visit
Yatsenyuk;Black Sea;visit
Yatsenyuk;RT;visit
Naryshkin;Tokyo;visit
Naryshkin;Tokyo;visit
Rogozin;RIA;visit
Brennan;Kiev;visit
Lavrov;Nicaragua;visit
Brennan;Kiev;visit
Obama;Malaysia;visit
Lavrov;Nicaragua;visit
Lavrov;Nicaragua;visit_to
Russia;Russia;voice
Russia;Russia;voice
Putin;Ukraine;voice_concern_about
Putin;Ukraine;voice_concern_about
Miller;UN;walk_into
Pelosi;SS;weigh
Pelosi;SS;weigh
Obama;King;weigh_in_on
Obama;Sterling;weigh_in_on
Obama;Sterling;weigh_in_on
Obama;RT;weigh_in_on
Obama;UN;weigh_in_on
Dong;Xinyu;wen
Dong;Xinyu;wen
Colombia;EU;win
CIA;RT;work_with
United States;GE;work_with
United States;Germany;work_with
United States;GE;work_with
United States;Germany;work_with
Washington;Kiev;work_with
Washington;Kiev;work_with
CIA;RT;work_with
Kharkiv;UN;wound_by
Kharkiv;UN;wound_by
Avakov;SS;write_on
Avakov;Odessa;write_on
Donetsk;EU;yield_more_than
Donetsk;Reuters;yield_more_than
Donetsk;Reuters;yield_more_than
Donetsk;Ukraine;yield_more_than
Donetsk;EU;yield_more_than
Donetsk;Reuters;yield_more_than
Donetsk;Reuters;yield_more_than
Donetsk;Ukraine;yield_more_than
