Russia;call_on
call_on;Atlantic
SS;call_on
call_on;Atlantic
Kerry;call_on
call_on;NATO
Kerry;call_on
call_on;NATO
Kerry;call_on
call_on;RIA
Lavrov;call_on
call_on;UN
Europe;call_on
call_on;Kiev
Europe;call_on
call_on;Kiev
EU;call_on
call_on;Kiev
UN;call_on
call_on;Kiev
Shoigu;call_on
call_on;Obama
Cameron;call_on
call_on;Russia
Renzi;call_on
call_on;Russia
Cameron;call_on
call_on;Russia
Cameron;call_on
call_on;SS
Putin;call_on
call_on;Kiev
Putin;call_on
call_on;Kiev
Russia;call_on
call_on;Kiev
SS;call_on
call_on;Kiev
Obama;call_on
call_on;Korea
Obama;call_on
call_on;RT
Antonov;call_on
call_on;NATO
Russia;call_on
call_on;NATO
Antonov;call_on
call_on;CIA
NATO;call_on
call_on;NATO
SS;call_on
call_on;NATO
Lukashenko;call_on
call_on;Putin
Lukashenko;call_on
call_on;Russia
Lukashenko;call_on
call_on;SS
