Yatsenyuk;criticize
criticize;Putin
Yatsenyuk;criticize
criticize;Putin
Yatsenyuk;criticize
criticize;Russia
Yatsenyuk;criticize
criticize;SS
Israel;criticize
criticize;Kerry
CIA;criticize
criticize;Kerry
GOP;criticize
criticize;Obama
GOP;criticize
criticize;Obama
Washington;criticize
criticize;Russia
Washington;criticize
criticize;SS
EU;criticize
criticize;Crimea
Yatsenyuk;criticize
criticize;Putin
Yatsenyuk;criticize
criticize;Putin
Yatsenyuk;criticize
criticize;Russia
Yatsenyuk;criticize
criticize;SS
GOP;criticize
criticize;Obama
GOP;criticize
criticize;Obama
