Russia;Ukraine
SS;Ukraine
Russia;Ukraine
SS;Ukraine
Russia;Ukraine
SS;Ukraine
Russia;Ukraine
SS;Ukraine
Russia;Ukraine
SS;Ukraine
Russia;Crimea
Russia;Crimea
SS;Crimea
Russia;Ukraine
SS;Ukraine
Russia;Ukraine
SS;Ukraine
Russia;Ukraine
SS;Ukraine
Russia;Ukraine
SS;Ukraine
Russia;Ukraine
SS;Ukraine
Russia;Ukraine
SS;Ukraine
Russia;Ukraine
SS;Ukraine
Russia;Ukraine
SS;Ukraine
Russia;Ukraine
SS;Ukraine
Russia;Ukraine
SS;Ukraine
Russia;Ukraine
SS;Ukraine
Russia;Ukraine
SS;Ukraine
Russia;Ukraine
SS;Ukraine
Russia;Ukraine
SS;Ukraine
Russia;Ukraine
SS;Ukraine
Russia;Ukraine
SS;Ukraine
